trial,raw_load_rmse_kw,clipped_load_rmse_kw,output_clipped_fraction,voltage_magnitude_rmse_pu
0,785.7351524635309,115.91091618790631,0.9029304029304029,0.10470911054218529
1,773.4979769533447,114.1112994036598,0.8754578754578755,0.10085860202289545
2,785.3632705641622,115.11269723134791,0.891941391941392,0.10111433365467981
3,793.1105566280459,113.66082577314673,0.9212454212454212,0.09311657052739365
4,779.6495511907742,113.29732719418486,0.9047619047619048,0.09833773500568684
5,800.3310605838745,113.9319824315797,0.9102564102564102,0.09718874547879175
6,819.8279708158304,110.80167590062133,0.8809523809523809,0.09317692238547476
7,775.7890010442,113.21479610250806,0.9230769230769231,0.08795503487344976
8,833.313698978905,111.15281611613867,0.9194139194139194,0.09005207456817593
9,794.7910492676207,113.09378630402908,0.8937728937728938,0.09594363058265966
10,781.2553134507958,115.54732597214445,0.9065934065934066,0.09901385329233368
11,748.7598924953677,113.47155979584802,0.8937728937728938,0.09190718778542088
12,786.2601295807032,115.44497786625064,0.8956043956043956,0.10282936795347719
13,806.3075568754087,117.4663190505038,0.9157509157509157,0.10886481354661053
14,815.99584200458,116.10434597874706,0.9230769230769231,0.10011930761753571
15,828.2591308672841,116.67595526596871,0.9157509157509157,0.09653968093230428
16,774.5848554935282,110.68371754508608,0.9047619047619048,0.07827230409063504
17,806.4465294706058,112.95368591428405,0.8864468864468864,0.091057416356452
18,808.8459878217486,115.51800268046695,0.9065934065934066,0.09491830657205007
19,768.0404465892666,112.87458532420706,0.8791208791208791,0.10156268576540581
20,839.6226126674804,114.90970426098859,0.9084249084249084,0.09082119761754753
21,819.1448479464785,113.0148410608638,0.8827838827838828,0.09919439853559425
22,754.9799275755905,114.00515281039,0.8974358974358975,0.09921719337105725
23,787.9043535356102,112.59431198111785,0.9102564102564102,0.08595869311799323
24,813.9404846705979,111.6384611859249,0.9084249084249084,0.10145879114277909
25,827.7959475777784,114.20077198509613,0.9010989010989011,0.09251669085388026
26,813.4249031831446,116.15291843981618,0.9120879120879121,0.08967659221444574
27,809.747857393272,111.79307959787968,0.9084249084249084,0.090136143698104
28,791.755443804636,114.03895410369319,0.9139194139194139,0.09552624599479523
29,788.3148959327323,111.98417547972686,0.8754578754578755,0.08974615035115417
