trial,method,raw_load_rmse_kw,clipped_load_rmse_kw,output_clipped_fraction,convergence_fraction,voltage_magnitude_rmse_pu
0,BNP,555.2049427207297,113.06123526784006,0.9084249084249084,1.0,0.09100116429557999
0,Gaussian,39.07683455089395,33.258944432958614,0.21978021978021978,1.0,0.01599239425310317
0,Encryption,8.594826774862781e-10,8.594826774862781e-10,0.0,1.0,4.21727352426219e-13
0,Encryption + Gaussian,39.07683455087576,33.25894443294267,0.21978021978021978,1.0,0.015992394253227876
1,BNP,568.0641974952773,110.09219206344036,0.9029304029304029,1.0,0.08894229821052389
1,Gaussian,37.18007307061758,31.4432912025028,0.2087912087912088,1.0,0.017631369517426696
1,Encryption,8.594826774862781e-10,8.594826774862781e-10,0.0,1.0,4.21727352426219e-13
1,Encryption + Gaussian,37.18007307061758,31.4432912025028,0.2087912087912088,1.0,0.017631369517426696
2,BNP,577.3448719742007,111.10965115758182,0.9047619047619048,1.0,0.10022284387520035
2,Gaussian,37.85751373295501,32.94015190116477,0.19047619047619047,1.0,0.01642014362274533
2,Encryption,8.594826774862781e-10,8.594826774862781e-10,0.0,1.0,4.21727352426219e-13
2,Encryption + Gaussian,37.85751373295501,32.94015190116477,0.19047619047619047,1.0,0.01642014362274533
3,BNP,565.5051007928407,114.94523282761618,0.8809523809523809,1.0,0.09177297464804657
3,Gaussian,36.90129437297286,32.08139288106999,0.17399267399267399,1.0,0.015396933207765532
3,Encryption,8.594826774862781e-10,8.594826774862781e-10,0.0,1.0,4.21727352426219e-13
3,Encryption + Gaussian,36.90129437297286,32.08139288106999,0.17399267399267399,1.0,0.015396933207765532
4,BNP,576.9810122271388,112.9796289982281,0.9047619047619048,1.0,0.09250767278099863
4,Gaussian,39.22477980575713,32.11997099563,0.23809523809523808,1.0,0.01601706820147107
4,Encryption,8.594826774862781e-10,8.594826774862781e-10,0.0,1.0,4.21727352426219e-13
4,Encryption + Gaussian,39.22477980575713,32.11997099563,0.23809523809523808,1.0,0.01601706820147107
5,BNP,562.6979394420899,111.94669683982991,0.8901098901098901,1.0,0.08848623008421565
5,Gaussian,36.79805911989295,32.100502479651816,0.19230769230769232,1.0,0.017420956253922117
5,Encryption,8.594826774862781e-10,8.594826774862781e-10,0.0,1.0,4.21727352426219e-13
5,Encryption + Gaussian,36.79805911989295,32.100502479651816,0.19230769230769232,1.0,0.017420956253922117
6,BNP,577.3601371001643,113.71340216928068,0.9102564102564102,1.0,0.09285700863449922
6,Gaussian,36.423566690187066,30.511770209254724,0.2032967032967033,1.0,0.016292539599988665
6,Encryption,8.594826774862781e-10,8.594826774862781e-10,0.0,1.0,4.21727352426219e-13
6,Encryption + Gaussian,36.423566690187066,30.511770209254724,0.2032967032967033,1.0,0.016292539599988665
7,BNP,561.5396359588187,111.72956820939548,0.8956043956043956,1.0,0.09086253980132633
7,Gaussian,36.6277540264396,30.690997764250515,0.1978021978021978,1.0,0.012875164694582384
7,Encryption,8.594826774862781e-10,8.594826774862781e-10,0.0,1.0,4.21727352426219e-13
7,Encryption + Gaussian,36.6277540264396,30.690997764250515,0.1978021978021978,1.0,0.012875164694582384
8,BNP,581.8862822058015,116.19324176168631,0.9102564102564102,1.0,0.09924133360664775
8,Gaussian,40.49855582464191,34.86649197095785,0.2454212454212454,1.0,0.021931753625902998
8,Encryption,8.594826774862781e-10,8.594826774862781e-10,0.0,1.0,4.21727352426219e-13
8,Encryption + Gaussian,40.49855582464191,34.86649197095785,0.2454212454212454,1.0,0.021931753625902998
9,BNP,575.4687540726807,113.98008454555253,0.9065934065934066,1.0,0.09695129147653866
9,Gaussian,37.36468299344395,31.631166838610078,0.19963369963369965,1.0,0.016512307455985337
9,Encryption,8.594826774862781e-10,8.594826774862781e-10,0.0,1.0,4.21727352426219e-13
9,Encryption + Gaussian,37.36468299344395,31.631166838610078,0.19963369963369965,1.0,0.016512307455985337
10,BNP,563.4646083260133,113.22104242683213,0.9047619047619048,1.0,0.10219341134184533
10,Gaussian,37.30371190773123,31.60327761947132,0.1978021978021978,1.0,0.015359112169256187
10,Encryption,8.594826774862781e-10,8.594826774862781e-10,0.0,1.0,4.21727352426219e-13
10,Encryption + Gaussian,37.30371190773123,31.60327761947132,0.1978021978021978,1.0,0.015359112169256187
11,BNP,585.5392879483078,113.80231601890672,0.9139194139194139,1.0,0.0939490096519507
11,Gaussian,39.1503392489897,33.34831185670077,0.2032967032967033,1.0,0.014596527114389692
11,Encryption,8.594826774862781e-10,8.594826774862781e-10,0.0,1.0,4.21727352426219e-13
11,Encryption + Gaussian,39.1503392489897,33.34831185670077,0.2032967032967033,1.0,0.014596527114389692
12,BNP,582.5271566844435,113.88442501616532,0.8956043956043956,1.0,0.09684424435934043
12,Gaussian,37.441666170449125,32.16076024066347,0.21978021978021978,1.0,0.018234649611899082
12,Encryption,8.594826774862781e-10,8.594826774862781e-10,0.0,1.0,4.21727352426219e-13
12,Encryption + Gaussian,37.441666170449125,32.16076024066347,0.21978021978021978,1.0,0.018234649611899082
13,BNP,586.2640999786172,112.15235736796393,0.8882783882783882,1.0,0.09182964297813027
13,Gaussian,37.36617620030115,30.980562997317026,0.21062271062271062,1.0,0.02087996187976381
13,Encryption,8.594826774862781e-10,8.594826774862781e-10,0.0,1.0,4.21727352426219e-13
13,Encryption + Gaussian,37.36617620030115,30.980562997317026,0.21062271062271062,1.0,0.02087996187976381
14,BNP,596.0678476224858,117.55030074173769,0.9029304029304029,1.0,0.1076240520303361
14,Gaussian,37.36543515196233,31.518363179849235,0.20512820512820512,1.0,0.013947437453493677
14,Encryption,8.594826774862781e-10,8.594826774862781e-10,0.0,1.0,4.21727352426219e-13
14,Encryption + Gaussian,37.36543515196233,31.518363179849235,0.20512820512820512,1.0,0.013947437453493677
15,BNP,572.2901440066021,109.6309351575466,0.8992673992673993,1.0,0.07595803384496053
15,Gaussian,38.14374847035328,32.44620602233936,0.2032967032967033,1.0,0.013944426307980259
15,Encryption,8.594826774862781e-10,8.594826774862781e-10,0.0,1.0,4.21727352426219e-13
15,Encryption + Gaussian,38.14374847035328,32.44620602233936,0.2032967032967033,1.0,0.013944426307980259
16,BNP,565.411350734252,113.86079421750387,0.8846153846153846,1.0,0.10706380183484633
16,Gaussian,36.74743276796868,30.82474671830276,0.22527472527472528,1.0,0.012815394101603057
16,Encryption,8.594826774862781e-10,8.594826774862781e-10,0.0,1.0,4.21727352426219e-13
16,Encryption + Gaussian,36.74743276796868,30.82474671830276,0.22527472527472528,1.0,0.012815394101603057
17,BNP,585.8163690660506,114.07117470622352,0.9157509157509157,1.0,0.09421944567083895
17,Gaussian,38.30563023038896,31.91960977900339,0.23626373626373626,1.0,0.012239464008815149
17,Encryption,8.594826774862781e-10,8.594826774862781e-10,0.0,1.0,4.21727352426219e-13
17,Encryption + Gaussian,38.30563023038896,31.91960977900339,0.23626373626373626,1.0,0.012239464008815149
18,BNP,575.8806869140836,115.42467554011195,0.8974358974358975,1.0,0.09893018520601231
18,Gaussian,37.345903306623,32.008916166372074,0.2032967032967033,1.0,0.019003341115453928
18,Encryption,8.594826774862781e-10,8.594826774862781e-10,0.0,1.0,4.21727352426219e-13
18,Encryption + Gaussian,37.345903306623,32.008916166372074,0.2032967032967033,1.0,0.019003341115453928
19,BNP,576.5203293882779,115.02146092775865,0.8882783882783882,1.0,0.09216042676175236
19,Gaussian,38.00098110643347,33.06019091809244,0.20512820512820512,1.0,0.019158166145386925
19,Encryption,8.594826774862781e-10,8.594826774862781e-10,0.0,1.0,4.21727352426219e-13
19,Encryption + Gaussian,38.00098110643347,33.06019091809244,0.20512820512820512,1.0,0.019158166145386925
20,BNP,569.0572893324415,108.27341509865828,0.9120879120879121,1.0,0.08416025756859867
20,Gaussian,38.84408441789255,33.01819836804388,0.19230769230769232,1.0,0.012814594120336567
20,Encryption,8.594826774862781e-10,8.594826774862781e-10,0.0,1.0,4.21727352426219e-13
20,Encryption + Gaussian,38.84408441789255,33.01819836804388,0.19230769230769232,1.0,0.012814594120336567
21,BNP,580.4526052650367,116.73589012826459,0.8846153846153846,1.0,0.10028495948081241
21,Gaussian,36.80303526467613,31.17550197006522,0.21794871794871795,1.0,0.01737035792158423
21,Encryption,8.594826774862781e-10,8.594826774862781e-10,0.0,1.0,4.21727352426219e-13
21,Encryption + Gaussian,36.80303526467613,31.17550197006522,0.21794871794871795,1.0,0.01737035792158423
22,BNP,550.90130195778,112.2898016554935,0.8864468864468864,1.0,0.08959911618881439
22,Gaussian,36.67547315507374,31.693019768638226,0.19597069597069597,1.0,0.020409580570296737
22,Encryption,8.594826774862781e-10,8.594826774862781e-10,0.0,1.0,4.21727352426219e-13
22,Encryption + Gaussian,36.67547315507374,31.693019768638226,0.19597069597069597,1.0,0.020409580570296737
23,BNP,575.1741228480022,115.60076791659883,0.8956043956043956,1.0,0.09633333215768493
23,Gaussian,38.72649269332868,33.12387421583233,0.19963369963369965,1.0,0.01777915488932362
23,Encryption,8.594826774862781e-10,8.594826774862781e-10,0.0,1.0,4.21727352426219e-13
23,Encryption + Gaussian,38.72649269332868,33.12387421583233,0.19963369963369965,1.0,0.01777915488932362
24,BNP,581.7776207147539,116.28148871782184,0.9084249084249084,1.0,0.09967453402941108
24,Gaussian,37.56158707285643,31.103832974006604,0.21062271062271062,1.0,0.014505625957752968
24,Encryption,8.594826774862781e-10,8.594826774862781e-10,0.0,1.0,4.21727352426219e-13
24,Encryption + Gaussian,37.56158707285643,31.103832974006604,0.21062271062271062,1.0,0.014505625957752968
25,BNP,580.7413688960137,113.28575000859816,0.9047619047619048,1.0,0.1006899066319987
25,Gaussian,38.56559287555312,32.531320620838926,0.21611721611721613,1.0,0.01365062007350704
25,Encryption,8.594826774862781e-10,8.594826774862781e-10,0.0,1.0,4.21727352426219e-13
25,Encryption + Gaussian,38.56559287555312,32.531320620838926,0.21611721611721613,1.0,0.01365062007350704
26,BNP,572.0082383780363,112.07754171314929,0.9010989010989011,1.0,0.08849222635264746
26,Gaussian,36.05106154525121,30.129668299518535,0.2032967032967033,1.0,0.015670211665277812
26,Encryption,8.594826774862781e-10,8.594826774862781e-10,0.0,1.0,4.21727352426219e-13
26,Encryption + Gaussian,36.05106154525121,30.129668299518535,0.2032967032967033,1.0,0.015670211665277812
27,BNP,566.7604891679343,111.07647371723526,0.8736263736263736,1.0,0.0953626105696706
27,Gaussian,36.64069343305684,30.723802544264007,0.2032967032967033,1.0,0.015260040228217496
27,Encryption,8.594826774862781e-10,8.594826774862781e-10,0.0,1.0,4.21727352426219e-13
27,Encryption + Gaussian,36.64069343305684,30.723802544264007,0.2032967032967033,1.0,0.015260040228217496
28,BNP,578.2542645485689,110.2020242951905,0.8846153846153846,1.0,0.08707381101095284
28,Gaussian,36.33480940527706,31.20008905236388,0.21794871794871795,1.0,0.01338066436796028
28,Encryption,8.594826774862781e-10,8.594826774862781e-10,0.0,1.0,4.21727352426219e-13
28,Encryption + Gaussian,36.33480940527706,31.20008905236388,0.21794871794871795,1.0,0.01338066436796028
29,BNP,578.0997518591265,111.03332216450463,0.8956043956043956,1.0,0.090457790566246
29,Gaussian,38.00605106135657,31.393695474806172,0.2087912087912088,1.0,0.017503086032746633
29,Encryption,8.594826774862781e-10,8.594826774862781e-10,0.0,1.0,4.21727352426219e-13
29,Encryption + Gaussian,38.00605106135657,31.393695474806172,0.2087912087912088,1.0,0.017503086032746633
